{"cameraMode":{"drawMode":0,"name":"Shaded","section":"Shading Mode"},"sceneLighting":true,"audioPlay":false,"sceneViewState":{"m_AlwaysRefresh":false,"showFog":true,"showSkybox":true,"showFlares":true,"showImageEffects":true,"showParticleSystems":true,"showVisualEffectGraphs":true,"m_FxEnabled":false},"in2DMode":false,"pivot":{"x":4.663919448852539,"y":-0.33979642391204836,"z":-8.984487533569336},"rotation":{"x":0.00819861888885498,"y":-0.9864835739135742,"z":0.15515224635601045,"w":0.052131034433841708},"size":2.5428404808044435,"orthographic":false}